variable,Model
PPM_score,1.7152389810559132
MP_center,1.5080882817110977
MP_E_D,2.1381798255729607
MP_total,1.182726878394148
president_score,1.2770279453608466
